x1,x2,prediction_score,prediction_class
1.5,2.3,0.999999999887824,1
-0.5,1.2,0.982181728446991,1
2.1,-0.8,0.9997000522761074,1
0.3,0.7,0.9974275501773661,1
-1.2,-0.5,2.8841184384874618e-05,0
1.8,1.9,0.9999999998081524,1
-0.3,0.4,0.6151320912653142,1
2.5,3.1,0.999999999999998,1
0.0,0.0,0.4830825515455684,0
-1.5,-2.0,5.870072492338226e-10,0
